total_disk_read_throughput,total_disk_write_throughput,rss,vsize,cpu_usage,rx_bytes_per_ns,tx_bytes_per_ns,latency_p50,latency_p90,latency_p99,request_throughput,errors_per_ns
0.0095738569,0.0095223479,470049938.2857143,1766572032.0,0.609,0.0144598137,4.19812e-05,309635772.0,481575210.0,622613927.0,6.5e-09,0.0
0.0137200154,0.0136557835,469131264.0,1777482547.2,0.899,0.0138425786,4.17898e-05,359674497.0,552072802.0,668025974.0,1.99e-08,0.0
0.0138707848,0.0138721168,474903347.2,1767411302.4,0.901,0.014054146,4.35476e-05,329867127.0,532367670.0,701378746.0,2.09e-08,0.0
0.0136446307,0.0136459775,475392000.0,1765732761.6,0.9,0.0139392484,4.13542e-05,317933478.0,512230951.0,690835266.0,2e-08,0.0
0.0137200154,0.0136459479,475425587.2,1770768384.0,0.898,0.0139317091,4.46848e-05,338772001.0,503417364.0,650280443.0,1.98e-08,0.0
0.0139461695,0.0138885283,474343833.6,1773286195.2,0.9,0.014097199,4.56615e-05,354606119.0,523261447.0,663935257.0,2.03e-08,0.0
0.0134938613,0.013478774,473440256.0,1776643276.8,0.899,0.0122577792,3.78509e-05,371797959.0,566393407.0,684366735.0,1.99e-08,0.0
0.0133430919,0.0132166423,474332364.8,1762375680.0,0.9,0.0140640323,4.17431e-05,306831786.0,490604666.0,685035171.0,2e-08,0.0
0.0134938613,0.0134952155,475361689.6,1762375680.0,0.899,0.0139378674,4.2728e-05,346165101.0,464280009.0,596072834.0,1.99e-08,0.0
0.0132677072,0.0133738782,469647769.6,1775804006.4,0.898,0.0137425391,4.23266e-05,353486430.0,622520494.0,729486270.0,2e-08,0.0
0.0140215542,0.013963935,474966835.2,1754822246.4,0.9,0.0141104365,4.06128e-05,307645221.0,453164147.0,592680895.0,2.01e-08,0.0
0.0136446307,0.0136459553,468609843.2,1767411302.4,0.899,0.0141227028,4.50672e-05,316827320.0,475986044.0,668796098.0,2e-08,0.0
0.0133430919,0.0131739421,475876147.2,1766572032.0,0.899,0.0134620339,3.84299e-05,346226205.0,514967525.0,626319094.0,1.98e-08,0.0
0.0137200154,0.0139703164,474423296.0,1772611584.0,0.896,0.0138291432,4.1117e-05,361422160.0,566186760.0,701177333.0,1.99e-08,0.0
0.0138707848,0.0138721094,473443123.2,1773560627.2,0.9,0.0139288933,4.28526e-05,383375941.0,597941660.0,694137896.0,1.96e-08,0.0
0.0137954001,0.0137967099,477228236.8,1765167923.2,0.901,0.0138260837,4.37441e-05,301611924.0,549150933.0,691691539.0,2.06e-08,0.0
0.0134938613,0.0133477509,472865587.2,1766846464.0,0.9,0.0137432839,4.69485e-05,379821069.0,595624789.0,713427439.0,2.03e-08,0.0
0.0139461695,0.0139475089,476259942.4,1764328652.8,0.899,0.0139473948,4.21973e-05,323912830.0,562332109.0,678117451.0,1.99e-08,0.0
0.0136446307,0.0135935437,476005171.2,1766846464.0,0.899,0.0140728305,4.10819e-05,341991479.0,581219404.0,689320789.0,2e-08,0.0
0.013569246,0.013518174,473965363.2,1765167923.2,0.898,0.0138833272,4.14025e-05,308234767.0,497099104.0,706335223.0,2.02e-08,0.0
0.0136446307,0.0136459997,475549286.4,1756775219.2,0.9,0.0140547633,4.08246e-05,329442030.0,485623390.0,575435029.0,2.02e-08,0.0
0.0131169378,0.0132427478,477387161.6,1769364275.2,0.899,0.0136588101,3.90708e-05,345902971.0,515750980.0,682205394.0,1.98e-08,0.0
0.0134184766,0.0133542746,474440499.2,1772721356.8,0.899,0.0135250929,4.11175e-05,386502268.0,581547185.0,747558847.0,1.98e-08,0.0
0.0136446307,0.0137868522,472039833.6,1768525004.8,0.899,0.0139815426,4.08514e-05,321487389.0,507663245.0,666712199.0,1.98e-08,0.0
0.0138707848,0.0138197276,474819788.8,1763489382.4,0.9,0.014108476,4.77654e-05,344335411.0,500356003.0,635227185.0,2.05e-08,0.0
0.0133430919,0.0133443795,478227660.8,1773560627.2,0.898,0.0137635923,4.88653e-05,318020123.0,559859936.0,663344749.0,1.95e-08,0.0
0.0131923225,0.0131936915,482744729.6,1770203545.6,0.899,0.0138798641,4.93716e-05,348316108.0,544534495.0,694134979.0,2.06e-08,0.0
0.0139461695,0.0138426549,482520678.4,1766007193.6,0.9,0.0141543935,5.0788e-05,330387717.0,513332795.0,642252794.0,1.96e-08,0.0
0.0138707848,0.0138754287,482390425.6,1771882086.4,0.901,0.0142144917,5.27284e-05,328039786.0,487811881.0,613646088.0,2.1e-08,0.0
0.0137200154,0.0136689129,482003763.2,1775239168.0,0.899,0.0141703176,4.97997e-05,331989599.0,507080689.0,714990693.0,1.96e-08,0.0
0.0142477083,0.0142490995,486854246.4,1764328652.8,0.898,0.0143641618,5.46498e-05,302229482.0,479524904.0,591712695.0,2.12e-08,0.0
0.0134184766,0.0134787662,485782323.2,1770203545.6,0.899,0.0137528232,5.1098e-05,325122796.0,502106968.0,649636295.0,1.97e-08,0.0
0.0136446307,0.0136459997,483895705.6,1763489382.4,0.898,0.0141575068,4.93294e-05,331897672.0,537494934.0,665614246.0,2.04e-08,0.0
0.0134184766,0.0134951637,484290560.0,1763489382.4,0.899,0.0140464608,4.8224e-05,289697136.0,521065748.0,702077233.0,2e-08,0.0
0.0139461695,0.01400646,486148915.2,1768525004.8,0.899,0.0143206712,5.02596e-05,314410644.0,551892799.0,603149570.0,2.04e-08,0.0
0.0140969389,0.0140983005,492837273.6,1776078438.4,0.898,0.0143185574,4.92846e-05,358151057.0,537874527.0,704551605.0,2.09e-08,0.0
0.0137200154,0.0137213918,492267110.4,1763489382.4,0.9,0.0144895657,4.77991e-05,332240906.0,503535126.0,600241622.0,2.05e-08,0.0
0.0138707848,0.0139442261,494376140.8,1766007193.6,0.898,0.0144252887,5.14021e-05,295865001.0,497877247.0,680682149.0,2.07e-08,0.0
0.0137954001,0.0138523637,491134976.0,1771042816.0,0.898,0.0141306358,5.14466e-05,329625815.0,582519325.0,666086556.0,1.94e-08,0.0
0.0137200154,0.0136623705,492680806.4,1770203545.6,0.899,0.0139286312,4.892e-05,335262399.0,589220016.0,722794871.0,2.07e-08,0.0
0.0139461695,0.014006504,494303641.6,1766846464.0,0.9,0.0143654801,4.98515e-05,346629994.0,491561907.0,576246326.0,2.05e-08,0.0
0.0138707848,0.0137443355,492650496.0,1776917708.8,0.901,0.0138047039,4.83936e-05,374771126.0,600074015.0,680532602.0,1.97e-08,0.0
0.0136446307,0.0136459849,493271859.2,1771882086.4,0.899,0.0138654409,5.11291e-05,396871017.0,632067607.0,740240506.0,2e-08,0.0
0.0139461695,0.0139475385,495566028.8,1771882086.4,0.899,0.0141620259,5.30105e-05,341061889.0,585218630.0,673450950.0,2.04e-08,0.0
0.0134184766,0.0134001472,496730112.0,1768525004.8,0.9,0.0134955066,4.53144e-05,352659255.0,530802905.0,621303695.0,1.97e-08,0.0
0.013569246,0.0134296443,500122009.6,1762650112.0,0.897,0.013771092,4.92601e-05,301805734.0,530136993.0,760880775.0,1.92e-08,0.0
0.0137954001,0.0137377965,500235878.4,1773560627.2,0.9,0.0138254272,4.93335e-05,317826281.0,620692867.0,719455974.0,2.02e-08,0.0
0.0137954001,0.0137967469,499861913.6,1775239168.0,0.9,0.0140580818,5.37211e-05,338053064.0,606624271.0,684888752.0,2.04e-08,0.0
0.0136446307,0.0135705928,498601574.4,1769364275.2,0.899,0.0139288154,4.96222e-05,305685136.0,522005756.0,608537421.0,1.97e-08,0.0
0.0137200154,0.0138557346,497856102.4,1781114060.8,0.899,0.0139653697,4.78763e-05,407665233.0,618759710.0,691690005.0,1.98e-08,0.0
0.0138707848,0.0138721908,504487116.8,1765167923.2,0.899,0.0142418691,5.12377e-05,338099246.0,585108383.0,669104250.0,2.09e-08,0.0
0.0134938613,0.0134952525,500991590.4,1773560627.2,0.9,0.0141587833,5.10382e-05,385985675.0,616293421.0,738470069.0,2.01e-08,0.0
0.0137954001,0.013862277,498637619.2,1771042816.0,0.898,0.0140983804,5.07063e-05,330960764.0,487300115.0,604682060.0,2.02e-08,0.0
0.0139461695,0.0139474941,494392524.8,1769364275.2,0.9,0.0142046242,4.98714e-05,320207424.0,527686202.0,636429495.0,2.02e-08,0.0
0.0136446307,0.013698389,493331660.8,1771882086.4,0.899,0.01448674,5.18066e-05,378752569.0,548622288.0,702173277.0,2.06e-08,0.0
0.0134938613,0.013426351,493407027.2,1760132300.8,0.9,0.0138098189,4.86064e-05,337612393.0,528458518.0,717454845.0,2.02e-08,0.0
0.013569246,0.0135705706,499366707.2,1771042816.0,0.899,0.0135342227,4.60822e-05,328899154.0,559713243.0,677256979.0,1.94e-08,0.0
0.0131169378,0.0131182772,498182144.0,1766007193.6,0.9,0.0134806898,4.5747e-05,315894361.0,528960306.0,676415336.0,1.99e-08,0.0
0.013569246,0.0135705854,499945062.4,1761810841.6,0.898,0.0137139194,4.72519e-05,335339784.0,501824234.0,677194326.0,1.97e-08,0.0
0.0130415531,0.0131182032,497446912.0,1769364275.2,0.899,0.0132868315,4.56507e-05,316413824.0,506108039.0,711241976.0,1.93e-08,0.0
0.013569246,0.0136950557,495315353.6,1769364275.2,0.9,0.0139718788,4.88902e-05,384321481.0,561043330.0,676966767.0,1.98e-08,0.0
0.0138707848,0.0138721168,491382374.4,1760971571.2,0.9,0.014056159,4.98933e-05,303409275.0,416518440.0,575374268.0,2e-08,0.0
0.0137954001,0.0137967395,489281126.4,1768525004.8,0.9,0.0141777984,4.86324e-05,379410252.0,551433332.0,674377570.0,2.01e-08,0.0
0.0137200154,0.0136558429,489447424.0,1781114060.8,0.899,0.0141442372,5.03828e-05,396454021.0,629719002.0,713566499.0,2.02e-08,0.0
0.0136446307,0.0136459331,489807052.8,1775239168.0,0.9,0.0133211207,4.54332e-05,348761960.0,506154386.0,622710825.0,1.95e-08,0.0
0.0132677072,0.0132690318,494097203.2,1773560627.2,0.899,0.0135652712,4.73492e-05,334223913.0,567042075.0,674628102.0,1.99e-08,0.0
0.013569246,0.0135738899,490798694.4,1772721356.8,0.899,0.013642634,4.76118e-05,323679415.0,475351499.0,652103782.0,1.98e-08,0.0
0.0139461695,0.0138098728,489560064.0,1776078438.4,0.9,0.0137854695,4.56381e-05,392143031.0,591750555.0,701687365.0,1.96e-08,0.0
0.0141723236,0.0141737148,494396620.8,1766007193.6,0.899,0.0142127506,4.82622e-05,319134914.0,553078812.0,740705255.0,2.05e-08,0.0
0.0134938613,0.0134361757,495760179.2,1773560627.2,0.899,0.0134657863,4.65265e-05,361382173.0,621012958.0,717250820.0,1.98e-08,0.0
0.0139461695,0.0138884989,494994227.2,1766007193.6,0.899,0.0138637498,5.09202e-05,318704416.0,548193947.0,667438073.0,1.95e-08,0.0
0.0134184766,0.0133640179,500378009.6,1775239168.0,0.898,0.0138324379,4.76117e-05,332526843.0,548504722.0,759594902.0,2.01e-08,0.0
0.0134938613,0.0135672737,501352448.0,1768525004.8,0.899,0.0139551405,4.91499e-05,366222300.0,562959828.0,659185011.0,2.06e-08,0.0
0.0136446307,0.013570578,499223347.2,1768525004.8,0.9,0.0136289085,4.86943e-05,318115082.0,542819684.0,695788338.0,2e-08,0.0
0.0137954001,0.0136329355,499895910.4,1773560627.2,0.899,0.0135974425,4.78465e-05,353667225.0,560797118.0,708390831.0,2.01e-08,0.0
0.0139461695,0.0140720378,503473766.4,1768525004.8,0.9,0.014181111,5.02907e-05,343581977.0,560077861.0,717209146.0,2.02e-08,0.0
0.0140215542,0.0139574375,503550771.2,1766846464.0,0.9,0.014689261,5.19019e-05,314358091.0,549733858.0,725807153.0,2.09e-08,0.0
0.0132677072,0.01325259,496361062.4,1771882086.4,0.899,0.0135793028,4.97937e-05,350252619.0,560649820.0,707765387.0,1.96e-08,0.0
0.0137200154,0.0137213326,498343936.0,1773560627.2,0.899,0.0137626347,4.92272e-05,362636765.0,547587496.0,701540049.0,1.99e-08,0.0
0.013569246,0.0135706076,502013952.0,1772721356.8,0.899,0.0138015709,4.90494e-05,344294824.0,589843038.0,776094302.0,2.02e-08,0.0
0.0121369367,0.0120890467,496534732.8,1781114060.8,0.828,0.0124769739,4.67109e-05,387338631.0,617524891.0,698663975.0,1.81e-08,0.0
0.0132677072,0.013252627,499821772.8,1771042816.0,0.899,0.0136252553,4.59241e-05,336398699.0,541973033.0,636695640.0,1.96e-08,0.0
0.0137200154,0.0136689358,497790976.0,1768525004.8,0.901,0.0132891371,4.66573e-05,362949031.0,499521486.0,617914822.0,1.95e-08,0.0
0.0137200154,0.0137213696,497423564.8,1768525004.8,0.9,0.0141264414,5.11102e-05,314618178.0,511768105.0,710527160.0,2.02e-08,0.0
0.0130415531,0.0130428629,497812275.2,1769364275.2,0.9,0.0138453312,4.80244e-05,317535856.0,518159025.0,622697492.0,1.92e-08,0.0
0.0140969389,0.0139704666,494876262.4,1774399897.6,0.899,0.0140617246,4.85475e-05,346512534.0,563188560.0,685878695.0,2e-08,0.0
0.0141723236,0.0141213324,497797529.6,1769364275.2,0.9,0.0146034427,5.13631e-05,330213859.0,511195049.0,676350384.0,2.1e-08,0.0
0.0140215542,0.0139639429,497033625.6,1776078438.4,0.898,0.0146411553,5.27703e-05,325875873.0,597605548.0,700336632.0,2.08e-08,0.0
0.0131169378,0.0131182476,498207948.8,1766846464.0,0.899,0.0136442835,4.9119e-05,342765712.0,613977124.0,718332424.0,2.01e-08,0.0
0.0134938613,0.0134952007,495967846.4,1770203545.6,0.9,0.0139187613,4.79478e-05,373404367.0,501671508.0,575530435.0,1.99e-08,0.0
0.0131169378,0.0132526124,498137088.0,1767685734.4,0.898,0.0134572964,4.79672e-05,335739310.0,509946425.0,705387941.0,1.96e-08,0.0
0.0134184766,0.0134197568,496893952.0,1766007193.6,0.899,0.0136482764,4.83878e-05,352796732.0,523252065.0,590403702.0,1.92e-08,0.0
0.0137954001,0.0137246967,495262105.6,1766007193.6,0.901,0.0138841035,4.82752e-05,322633470.0,541674166.0,655781373.0,2.05e-08,0.0
0.0132677072,0.0131969002,500245708.8,1766846464.0,0.898,0.0134377327,4.95483e-05,334088134.0,475501234.0,585652098.0,1.92e-08,0.0
0.0137200154,0.0137967543,500951040.0,1773560627.2,0.899,0.0138820421,5.04625e-05,310582189.0,522618066.0,642465370.0,2.08e-08,0.0
0.0137200154,0.0136689138,498160025.6,1761810841.6,0.899,0.0139743428,4.83091e-05,332717956.0,519981600.0,640802703.0,1.98e-08,0.0
0.0128907837,0.01314437,497288396.8,1776917708.8,0.895,0.0130659399,4.6413e-05,372686505.0,602397896.0,697892704.0,1.96e-08,0.0
0.0137200154,0.0137148303,498224332.8,1765167923.2,0.899,0.0141156169,4.93404e-05,367340100.0,625075354.0,719839980.0,2.01e-08,0.0
0.0133430919,0.0133443943,494793932.8,1777756979.2,0.9,0.0133879531,4.81582e-05,354759210.0,589670515.0,688248934.0,1.91e-08,0.0
0.013569246,0.0135705632,502981836.8,1778596249.6,0.895,0.0135090542,5.12904e-05,403549853.0,636647286.0,743916766.0,1.95e-08,0.0
0.0137954001,0.0137246743,502011904.0,1766007193.6,0.898,0.0141911819,5.14014e-05,295850133.0,451828766.0,528999793.0,2.03e-08,0.0
0.0136446307,0.013570615,505329664.0,1771882086.4,0.898,0.0138720706,4.86953e-05,357372388.0,536090590.0,682731677.0,1.99e-08,0.0
0.0137200154,0.0137213548,506936524.8,1766007193.6,0.899,0.014166328,4.97285e-05,302741058.0,516606439.0,699197147.0,2.02e-08,0.0
0.0136446307,0.0136984191,509296640.0,1775239168.0,0.901,0.013937992,5.22317e-05,347917964.0,573056134.0,676299638.0,2.04e-08,0.0
0.0130415531,0.0130428407,508538470.4,1775239168.0,0.898,0.0135496692,4.92257e-05,358897816.0,569370956.0,725010402.0,1.9e-08,0.0
0.0137954001,0.0137246819,504077107.2,1775239168.0,0.9,0.0137837872,4.84033e-05,369903218.0,605192696.0,736399817.0,2.02e-08,0.0
0.0137954001,0.0138360591,506941849.6,1766846464.0,0.9,0.0136150887,4.89343e-05,366959236.0,519215832.0,625148737.0,2.02e-08,0.0
0.0140215542,0.0139803701,512361676.8,1772721356.8,0.887,0.0141576013,5.14303e-05,324895255.0,575027098.0,748417013.0,1.98e-08,0.0
0.0137200154,0.0136689433,512462438.4,1766007193.6,0.899,0.0137257199,5.11034e-05,317994626.0,503252637.0,651128337.0,2e-08,0.0
0.0136446307,0.0136983748,512799129.6,1766007193.6,0.899,0.0138026615,4.89737e-05,294003759.0,419248844.0,479769870.0,2.02e-08,0.0
0.0139461695,0.0138721094,511064883.2,1767685734.4,0.899,0.0141069321,5.00994e-05,292104322.0,434388367.0,659833485.0,1.99e-08,0.0
0.0131169378,0.0131936767,513455718.4,1776917708.8,0.897,0.0138971284,5.05496e-05,346704686.0,511627645.0,686992266.0,2.05e-08,0.0
0.0138707848,0.0137672565,515480780.8,1783631872.0,0.887,0.0139087567,5.21998e-05,368370762.0,610269901.0,686291158.0,1.93e-08,0.0
0.0134938613,0.0136065632,517579571.2,1767685734.4,0.894,0.0142426274,5.41023e-05,346239693.0,598195340.0,674083171.0,2.05e-08,0.0
0.0131169378,0.013242725,508538060.8,1781114060.8,0.898,0.0133736124,5.02403e-05,456105118.0,684767323.0,750176409.0,1.96e-08,0.0
0.0130415531,0.0130429073,506229964.8,1779435520.0,0.899,0.0139651311,5.03656e-05,380646969.0,633961943.0,698915160.0,2.01e-08,0.0
0.0134938613,0.0134951489,504147968.0,1770203545.6,0.899,0.0137141908,4.8798e-05,381207610.0,610039886.0,691261283.0,2.03e-08,0.0
0.0138707848,0.0138721316,506161152.0,1768525004.8,0.899,0.0138040206,4.84096e-05,307233287.0,486728921.0,651625992.0,1.99e-08,0.0
0.0137200154,0.0137737594,508002713.6,1760971571.2,0.9,0.0138943994,4.97281e-05,319103815.0,539074878.0,677861342.0,1.99e-08,0.0
0.0134938613,0.0135541592,508052684.8,1769364275.2,0.899,0.0141950851,4.99086e-05,340416359.0,546819209.0,710117394.0,2.06e-08,0.0
0.0137200154,0.0137213548,508846080.0,1766846464.0,0.9,0.0140090402,4.89531e-05,305467428.0,501539817.0,598832828.0,1.96e-08,0.0
0.0139461695,0.0139475015,512074956.8,1773560627.2,0.899,0.0137670631,5.12258e-05,321435576.0,520423905.0,596533910.0,2e-08,0.0
0.0137954001,0.0137213696,511233638.4,1771042816.0,0.9,0.0140857579,5.17087e-05,347625581.0,559113061.0,715264289.0,2.05e-08,0.0
0.0131923225,0.0133181538,513187840.0,1776917708.8,0.891,0.0143808196,5.12022e-05,351376822.0,590871482.0,702154167.0,2.05e-08,0.0
0.0137954001,0.0137967321,514623078.4,1765167923.2,0.899,0.0139054167,4.95384e-05,321009917.0,539954780.0,672735020.0,1.99e-08,0.0
0.0137954001,0.0137967321,509650944.0,1777756979.2,0.899,0.0137729664,4.8822e-05,327710575.0,602497283.0,677501069.0,2e-08,0.0
0.0130415531,0.0129904213,511218483.2,1768525004.8,0.898,0.0134283822,4.60674e-05,325446854.0,538885446.0,769792972.0,1.96e-08,0.0
0.0134184766,0.0134197938,512473088.0,1768525004.8,0.89,0.013948894,4.74891e-05,310190651.0,574554000.0,716043604.0,1.99e-08,0.0
0.0136446307,0.0136459923,513368473.6,1765167923.2,0.9,0.0136803714,4.69141e-05,339523606.0,536674817.0,722546408.0,2e-08,0.0
0.0137954001,0.0138688415,515373875.2,1784471142.4,0.899,0.0142233664,5.15943e-05,342012299.0,554581559.0,623232501.0,2.03e-08,0.0
0.0136446307,0.0136458739,520059289.6,1766846464.0,0.892,0.0136243998,5.02562e-05,317677512.0,565527493.0,649163363.0,1.9e-08,0.0
0.0137200154,0.0137213918,511722291.2,1772721356.8,0.898,0.0143278677,4.90504e-05,375330926.0,568664128.0,675979574.0,2.11e-08,0.0
0.0140969389,0.0139672687,512768000.0,1765167923.2,0.899,0.0142729307,4.98766e-05,315166245.0,478094769.0,592301254.0,2.04e-08,0.0
0.0134938613,0.0134231207,510742937.6,1778596249.6,0.895,0.0139858139,5.22705e-05,357895218.0,605740440.0,677679432.0,1.99e-08,0.0
0.0141723236,0.0141212733,509865574.4,1762650112.0,0.898,0.0141683354,4.99254e-05,292836681.0,400995074.0,485238373.0,2.04e-08,0.0
0.0138707848,0.0138721168,508749004.8,1770203545.6,0.899,0.014038823,5.0092e-05,321280460.0,556128567.0,611494600.0,2e-08,0.0
0.0133430919,0.013278842,507904819.2,1782792601.6,0.89,0.0134427269,5.07163e-05,416920925.0,594289700.0,669561006.0,1.93e-08,0.0
0.012061552,0.012134838,511964046.2222222,1776171690.6666667,0.8,0.0142105964,5.3817e-05,320705817.0,544680103.0,750147704.0,2.08e-08,0.0
0.0136446307,0.0137049649,515363225.6,1776078438.4,0.898,0.0140537367,5.16954e-05,330742038.0,506357433.0,634767478.0,2.02e-08,0.0
0.0131169378,0.0128692755,506699776.0,1771882086.4,0.9,0.0134945451,4.74668e-05,368158348.0,551506263.0,761826377.0,1.92e-08,0.0
0.013569246,0.0135935882,508197273.6,1770203545.6,0.899,0.0139930399,4.92473e-05,301805395.0,570576336.0,711046561.0,2.06e-08,0.0
0.0134938613,0.0134951341,508452454.4,1763489382.4,0.892,0.0137349395,4.72914e-05,319366548.0,496136972.0,718695466.0,1.95e-08,0.0
0.012815399,0.0128166866,507667251.2,1776078438.4,0.9,0.0136591655,4.98244e-05,340060322.0,527900353.0,710887171.0,1.95e-08,0.0
0.0136446307,0.0136459331,505965363.2,1770203545.6,0.9,0.0136824023,4.47015e-05,391313670.0,561783914.0,684548911.0,1.97e-08,0.0
0.013569246,0.0135705854,507768422.4,1774399897.6,0.899,0.0140279626,4.90587e-05,337267859.0,493056559.0,642651732.0,1.99e-08,0.0
0.0136446307,0.0135739043,508326297.6,1771042816.0,0.9,0.0138740536,5.06602e-05,355560823.0,510771631.0,657041839.0,1.98e-08,0.0
0.0137954001,0.0137967469,510298931.2,1766007193.6,0.899,0.0139382515,4.8595e-05,332340924.0,563529636.0,651921172.0,2.08e-08,0.0
0.0138707848,0.013872139,511987712.0,1768525004.8,0.9,0.0141271064,4.79757e-05,348487445.0,569249918.0,692256024.0,2.03e-08,0.0
0.0140215542,0.0139574227,518243532.8,1758453760.0,0.9,0.0142274087,5.11365e-05,296797859.0,524016395.0,642138911.0,2.08e-08,0.0
0.0140215542,0.01391804,518682624.0,1766007193.6,0.899,0.013813653,4.67568e-05,322539055.0,507521349.0,650684663.0,1.97e-08,0.0
0.0134938613,0.0135705632,517050368.0,1769364275.2,0.9,0.0135815508,4.86279e-05,379759566.0,560017505.0,736856469.0,1.98e-08,0.0
0.0127400143,0.0127937365,517444403.2,1768525004.8,0.899,0.0135066938,4.67546e-05,349000989.0,569845938.0,703403806.0,1.91e-08,0.0
0.0134184766,0.013419816,511329894.4,1774399897.6,0.899,0.0134563313,4.64019e-05,338769777.0,542486464.0,700075655.0,1.98e-08,0.0
0.0136446307,0.0136459627,510784716.8,1773560627.2,0.899,0.0138386301,4.95992e-05,348054695.0,525870197.0,614972101.0,2e-08,0.0
0.0137200154,0.0137967543,508756787.2,1774399897.6,0.9,0.0137134104,4.82203e-05,316842316.0,534028869.0,639582631.0,2.06e-08,0.0
0.0136446307,0.0135181218,510441062.4,1763489382.4,0.898,0.0135510778,4.82123e-05,316119011.0,462506915.0,640106446.0,1.99e-08,0.0
0.0134938613,0.0134197494,507724595.2,1777756979.2,0.9,0.0136480691,5.08719e-05,416098243.0,568400123.0,673916115.0,1.99e-08,0.0
0.0133430919,0.0133444091,505857228.8,1764328652.8,0.899,0.0137077741,4.90911e-05,302182210.0,434467344.0,522595100.0,1.92e-08,0.0
0.0134938613,0.0134952081,507271987.2,1775239168.0,0.899,0.0137095537,4.88881e-05,328458463.0,476799449.0,610416085.0,2.02e-08,0.0
0.0138707848,0.0138721612,505858867.2,1771882086.4,0.899,0.0137896849,5.03912e-05,350710113.0,549489988.0,611069834.0,2.03e-08,0.0
0.0127400143,0.0126658876,507409612.8,1772721356.8,0.878,0.0131565122,4.90045e-05,378234773.0,565110632.0,722646576.0,1.84e-08,0.0
0.0131169378,0.013124852,510897356.8,1778596249.6,0.899,0.0138068854,5.031e-05,321479628.0,507172361.0,776473623.0,1.99e-08,0.0
0.0137200154,0.0137868775,510412800.0,1771042816.0,0.899,0.0137935965,4.9257e-05,377242348.0,575611903.0,667553643.0,2.03e-08,0.0
0.0137954001,0.0136558543,511885721.6,1764328652.8,0.903,0.0141478266,5.05626e-05,300714319.0,520280070.0,690158832.0,2e-08,0.0
0.0136446307,0.0136460145,514484224.0,1771042816.0,0.902,0.0141676769,4.72854e-05,343197687.0,483575272.0,680965901.0,2.02e-08,0.0
0.0137954001,0.0138721686,515556147.2,1771882086.4,0.902,0.0139612747,4.87402e-05,353600730.0,615290565.0,741484511.0,1.99e-08,0.0
0.0138707848,0.0138721316,517489049.6,1766007193.6,0.899,0.0140227133,4.87112e-05,338882875.0,511060499.0,613815441.0,2.06e-08,0.0
0.0139461695,0.0139475533,520240742.4,1771042816.0,0.902,0.0144261861,4.8832e-05,377930337.0,575322464.0,685293944.0,2.05e-08,0.0
0.0138707848,0.013872139,521542041.6,1767685734.4,0.899,0.0139166708,4.83646e-05,321361577.0,526554563.0,794325559.0,2.02e-08,0.0
0.0134184766,0.0134066638,522325196.8,1770203545.6,0.898,0.0136110354,4.7683e-05,324418460.0,488820285.0,559044184.0,2e-08,0.0
0.0136446307,0.013704906,521588326.4,1778596249.6,0.9,0.0139282038,4.80879e-05,369249300.0,596974982.0,740565752.0,1.98e-08,0.0
0.0134184766,0.0132953232,523983257.6,1762650112.0,0.9,0.0138283356,4.66308e-05,312707916.0,519421806.0,638707265.0,2e-08,0.0
0.0139461695,0.0139475089,523986534.4,1774399897.6,0.896,0.0140579524,4.99994e-05,366022022.0,579797423.0,676483386.0,1.98e-08,0.0
0.0134184766,0.0134197716,524066406.4,1769364275.2,0.899,0.0130739644,4.48273e-05,356590321.0,542991666.0,592788644.0,1.99e-08,0.0
0.0129661684,0.0128920935,520683520.0,1776078438.4,0.893,0.0132086206,4.7858e-05,380389551.0,628745314.0,769156243.0,1.95e-08,0.0
0.0140215542,0.0139574185,523584307.2,1755096678.4,0.9,0.0145057977,5.00313e-05,295587900.0,492009829.0,582931233.0,2.02e-08,0.0
0.0137200154,0.0137967099,518291865.6,1764328652.8,0.899,0.0138773201,4.64805e-05,329961783.0,469084607.0,570919655.0,2.03e-08,0.0
0.013569246,0.0135050035,517789286.4,1762650112.0,0.878,0.0133489089,4.94172e-05,327644517.0,525350688.0,666574302.0,1.97e-08,0.0
0.0137954001,0.0137737814,517180211.2,1766846464.0,0.899,0.0142296729,5.02755e-05,312636831.0,466050571.0,578867441.0,2.04e-08,0.0
0.0138707848,0.0137967173,508498329.6,1770203545.6,0.9,0.0140211603,4.86337e-05,359238302.0,532263811.0,704211034.0,1.98e-08,0.0
0.0134184766,0.0134197864,507677900.8,1760971571.2,0.898,0.0140947488,4.78609e-05,330366647.0,503338993.0,666202848.0,1.98e-08,0.0
0.0134184766,0.0134722055,511743180.8,1764328652.8,0.899,0.013765027,4.64467e-05,296745539.0,517316750.0,661700674.0,1.98e-08,0.0
0.0136446307,0.0136460219,518105088.0,1772721356.8,0.899,0.0140979093,5.01124e-05,310887059.0,489912359.0,608342725.0,2.04e-08,0.0
0.0139461695,0.0138951406,517743001.6,1768525004.8,0.899,0.0141689379,4.84629e-05,326605160.0,580415480.0,724135484.0,2.06e-08,0.0
0.0137954001,0.0138327543,518477824.0,1758453760.0,0.899,0.0143079393,5.16319e-05,300916425.0,428809837.0,586669366.0,2e-08,0.0
0.0138707848,0.0138721168,513651507.2,1768525004.8,0.899,0.0140066008,4.71354e-05,315681921.0,578158330.0,707574829.0,2.02e-08,0.0
0.0132677072,0.0133214876,516384768.0,1773560627.2,0.895,0.0141452952,5.21034e-05,342366113.0,640332615.0,704739493.0,2e-08,0.0
0.0138707848,0.013947509,525837926.4,1769364275.2,0.899,0.0136705933,4.70393e-05,341863583.0,531911012.0,709016139.0,2e-08,0.0
0.0139461695,0.0139475755,521282764.8,1776917708.8,0.9,0.0144444617,5.02642e-05,340270647.0,564110752.0,672157951.0,2.12e-08,0.0
0.0133430919,0.0133444313,515446784.0,1767685734.4,0.899,0.0137113324,5.024e-05,314681515.0,494833768.0,624438657.0,1.98e-08,0.0
0.0136446307,0.0136983672,519475609.6,1772721356.8,0.899,0.0137839469,5.03422e-05,375645540.0,576549926.0,671463249.0,2.06e-08,0.0
0.0136446307,0.0136459479,522624614.4,1766007193.6,0.9,0.0140812602,5.01444e-05,330577170.0,533835347.0,658063746.0,1.99e-08,0.0
0.0137954001,0.0137311946,520349696.0,1775239168.0,0.899,0.0136143945,4.77218e-05,348320446.0,538915439.0,646244383.0,1.96e-08,0.0
0.0131169378,0.0131182328,516474470.4,1768525004.8,0.898,0.0136551392,4.75948e-05,339212259.0,560822534.0,682495915.0,1.98e-08,0.0
0.0134184766,0.0128693438,515447603.2,1767685734.4,0.892,0.0131691924,4.7727e-05,324990440.0,494008921.0,712656232.0,1.89e-08,0.0
0.0139461695,0.0138230204,518070681.6,1766007193.6,0.899,0.0140441457,4.75026e-05,328436204.0,551487583.0,656584821.0,2.08e-08,0.0
0.0134184766,0.0134787844,516852121.6,1766846464.0,0.9,0.0139516209,4.76281e-05,336727767.0,495723142.0,698134876.0,1.99e-08,0.0
0.013569246,0.0135705928,514947072.0,1766007193.6,0.899,0.0135834293,4.74048e-05,307564793.0,498646893.0,729468137.0,2e-08,0.0
0.0136446307,0.0136459553,513096908.8,1766007193.6,0.9,0.0138181758,4.89406e-05,349100323.0,517229313.0,623707242.0,2e-08,0.0
0.0137954001,0.0137934125,511025971.2,1778596249.6,0.899,0.0139502815,4.82663e-05,391506808.0,656533852.0,718947885.0,2e-08,0.0
0.0136446307,0.0135935067,513415987.2,1770203545.6,0.886,0.0136389618,4.98688e-05,353398143.0,562617768.0,675303330.0,2.01e-08,0.0
0.0133430919,0.0132919671,512100761.6,1775239168.0,0.899,0.013382149,4.65429e-05,341842933.0,580047334.0,764664213.0,1.91e-08,0.0
0.0129661684,0.0130330048,509321625.6,1767685734.4,0.899,0.0136501372,4.73983e-05,309818468.0,498668374.0,615581869.0,1.99e-08,0.0
0.0137200154,0.0135903096,510117068.8,1766007193.6,0.899,0.0142409472,5.09064e-05,299716746.0,459178136.0,583090376.0,2.01e-08,0.0
0.0140969389,0.0140982709,516898406.4,1771042816.0,0.9,0.0139918584,4.81229e-05,331227013.0,516714799.0,682439025.0,1.97e-08,0.0
0.0136446307,0.0137049137,515621273.6,1773560627.2,0.9,0.0138083248,4.75945e-05,320899368.0,507891089.0,677733465.0,1.99e-08,0.0
0.0140969389,0.0140982709,517595545.6,1773560627.2,0.899,0.0141142971,5.09471e-05,321497448.0,510605051.0,632732764.0,2.08e-08,0.0
0.0132677072,0.0133444313,515583590.4,1766846464.0,0.9,0.0136574258,4.89006e-05,325830779.0,531064835.0,647270689.0,1.98e-08,0.0
0.0137954001,0.0137967173,516218060.8,1777756979.2,0.894,0.0135710175,5.0467e-05,323607055.0,576524184.0,703290855.0,1.99e-08,0.0
0.0136446307,0.0136459923,516012441.6,1772721356.8,0.888,0.0141609631,4.94512e-05,347688503.0,574100995.0,688880693.0,1.99e-08,0.0
0.0134938613,0.0133641918,518182092.8,1768525004.8,0.9,0.0138130825,4.82035e-05,310360768.0,531537925.0,660404600.0,2.04e-08,0.0
0.0142477083,0.0142490921,516923801.6,1764328652.8,0.9,0.0145274126,4.99272e-05,296138436.0,504724749.0,599535603.0,2.09e-08,0.0
0.0138707848,0.0138491735,521845555.2,1759293030.4,0.899,0.0140439724,5.10516e-05,305340555.0,488209791.0,573016585.0,2.07e-08,0.0
0.0139461695,0.0138885507,522717593.6,1771882086.4,0.898,0.0144161216,5.04121e-05,333255980.0,599075806.0,700459522.0,2.03e-08,0.0
0.013569246,0.013622975,521263923.2,1777756979.2,0.894,0.0136879245,4.7939e-05,361907299.0,556367125.0,651595646.0,1.99e-08,0.0
0.0147754012,0.0147767924,519711129.6,1771882086.4,0.901,0.0144421374,5.16092e-05,371459350.0,587886296.0,844344732.0,2.11e-08,0.0
0.013569246,0.0134427596,525795737.6,1761810841.6,0.9,0.0135034191,4.74577e-05,342548870.0,534682823.0,680148390.0,1.92e-08,0.0
0.0138707848,0.0137443275,530820710.4,1773560627.2,0.9,0.0139417904,5.03002e-05,313400732.0,509232914.0,611102105.0,2.03e-08,0.0
0.0130415531,0.0129183193,526455603.2,1772721356.8,0.899,0.0132645235,4.47951e-05,344283340.0,604500529.0,716934906.0,1.94e-08,0.0
0.0137200154,0.013773796,526015283.2,1766846464.0,0.9,0.0143322004,5.29497e-05,317270201.0,529126863.0,615629433.0,2.09e-08,0.0
0.0136446307,0.0136460145,520834252.8,1777756979.2,0.9,0.0142731575,5.40322e-05,327365378.0,587608961.0,695023319.0,2.04e-08,0.0
0.013569246,0.0134755976,517512806.4,1768525004.8,0.899,0.0134666974,4.85841e-05,340218499.0,603972102.0,724152681.0,1.97e-08,0.0
0.0138707848,0.0138197053,517738496.0,1771042816.0,0.895,0.0139020494,4.99598e-05,336810760.0,522449501.0,661262751.0,2e-08,0.0
0.0134184766,0.0134951933,514380595.2,1774399897.6,0.899,0.0138685852,4.89086e-05,334476429.0,537615925.0,680699082.0,2.01e-08,0.0
0.0134184766,0.0134787736,510454579.2,1771042816.0,0.9,0.0135714214,4.58172e-05,339303890.0,492611844.0,630326763.0,1.92e-08,0.0
0.0133430919,0.0132690762,513556480.0,1769364275.2,0.896,0.0142455619,5.39981e-05,389020949.0,637715909.0,733550108.0,1.98e-08,0.0
0.0132677072,0.0133869624,516027187.2,1772721356.8,0.9,0.013857088,4.80865e-05,353567306.0,498162461.0,773944598.0,2.02e-08,0.0
0.0133430919,0.0132723138,516394188.8,1768525004.8,0.9,0.0138170733,4.83185e-05,327692501.0,548836424.0,696580846.0,1.97e-08,0.0
0.0139461695,0.013881945,518273843.2,1772721356.8,0.899,0.0137723343,4.90313e-05,335230431.0,581873758.0,678333646.0,1.96e-08,0.0
0.0134184766,0.0135443452,522340352.0,1780274790.4,0.899,0.0141722618,5.17113e-05,363014716.0,616578272.0,692803082.0,2.04e-08,0.0
0.0131923225,0.01331811,522948198.4,1766846464.0,0.9,0.0135938806,4.75415e-05,309535435.0,429546571.0,558339269.0,1.94e-08,0.0
0.013569246,0.0134427662,521992192.0,1772721356.8,0.901,0.0135757669,4.86915e-05,367656353.0,586600067.0,702511538.0,1.96e-08,0.0
0.0137200154,0.0135083778,522395238.4,1769364275.2,0.899,0.0137034715,5.02769e-05,354399770.0,560195091.0,675233928.0,2.04e-08,0.0
0.0134938613,0.0134951933,523487232.0,1765167923.2,0.9,0.013997196,5.03923e-05,312682295.0,448005440.0,558113353.0,1.97e-08,0.0
0.0142477083,0.0142491069,524503040.0,1754257408.0,0.9,0.0146547013,5.10149e-05,262289656.0,428308471.0,578192195.0,2.09e-08,0.0
0.0134184766,0.0132919899,525175193.6,1761810841.6,0.898,0.0135147843,4.62186e-05,349308743.0,491431870.0,687654471.0,1.93e-08,0.0
0.0137954001,0.0137311872,523876352.0,1766007193.6,0.899,0.0137773778,4.99598e-05,319233685.0,526212383.0,664150553.0,2.02e-08,0.0
0.0139461695,0.0139475385,523612569.6,1776917708.8,0.896,0.0141942651,5.41444e-05,384025670.0,615768127.0,708257211.0,2.04e-08,0.0
0.0132677072,0.013269017,520874803.2,1779435520.0,0.899,0.0137623349,5.20679e-05,389269755.0,595534793.0,674027505.0,1.98e-08,0.0
0.0131923225,0.0131936252,524550553.6,1775239168.0,0.9,0.0138311092,4.82412e-05,336280350.0,559925739.0,692457092.0,2.01e-08,0.0
0.0137200154,0.0137213474,518655590.4,1771882086.4,0.899,0.0138686948,5.08814e-05,393768663.0,597338825.0,721569836.0,2e-08,0.0
0.0134184766,0.0134197716,515424665.6,1774399897.6,0.893,0.0140109595,5.32622e-05,369508545.0,586374093.0,681088682.0,1.99e-08,0.0
0.0134938613,0.0134952155,517649612.8,1774399897.6,0.899,0.0142029742,5.11251e-05,321493446.0,478608027.0,601392866.0,1.98e-08,0.0
0.0139461695,0.0139475385,517700812.8,1768525004.8,0.9,0.014078353,4.82472e-05,332736160.0,573471589.0,734687217.0,2.03e-08,0.0
0.0140969389,0.0140983005,522447667.2,1760132300.8,0.9,0.0138833941,4.70559e-05,314247489.0,549855731.0,754986257.0,2.05e-08,0.0
0.0140969389,0.0140262281,522648780.8,1762650112.0,0.9,0.0140609584,4.8418e-05,309190239.0,540374775.0,649231171.0,2e-08,0.0
0.0132677072,0.0133738781,521736601.6,1769364275.2,0.899,0.0135532413,5.02806e-05,336111108.0,537496412.0,730671771.0,1.98e-08,0.0
0.0136446307,0.0137180575,524240076.8,1765167923.2,0.899,0.0142492456,5.08376e-05,323059547.0,517419029.0,647199126.0,2.07e-08,0.0
0.0132677072,0.0133279452,526191411.2,1772721356.8,0.905,0.0133927148,4.89185e-05,370314612.0,680504621.0,777201581.0,1.89e-08,0.0
0.0134938613,0.0135705854,526331904.0,1777756979.2,0.903,0.0136447517,4.87065e-05,359167086.0,548421892.0,607945905.0,2.01e-08,0.0
0.0134938613,0.0135673254,525371392.0,1771882086.4,0.9,0.0141297919,5.19542e-05,342157466.0,610939291.0,694761142.0,2.04e-08,0.0
0.0138707848,0.0138197044,528701849.6,1771882086.4,0.901,0.0137128874,4.86214e-05,350600654.0,540870537.0,658062171.0,2e-08,0.0
0.0128907837,0.0128920491,531177062.4,1778596249.6,0.897,0.0132563292,4.80618e-05,332850166.0,520024565.0,653324470.0,1.92e-08,0.0
0.0131169378,0.0131837703,532761395.2,1769364275.2,0.897,0.0138734724,5.00753e-05,337398083.0,546833497.0,670299864.0,2.02e-08,0.0
0.013569246,0.0136360825,535228006.4,1768525004.8,0.898,0.0138109534,4.82327e-05,301078141.0,484042362.0,642531932.0,1.95e-08,0.0
0.0133430919,0.0134034562,535314022.4,1773560627.2,0.9,0.0139338591,4.7398e-05,336029417.0,522057933.0,603695810.0,2.04e-08,0.0
0.0131169378,0.0131837968,535287808.0,1772721356.8,0.897,0.0138225488,4.88853e-05,336218841.0,516273159.0,698608184.0,1.95e-08,0.0
0.0139461695,0.0137705973,531205734.4,1767685734.4,0.899,0.0139596116,4.83551e-05,360308090.0,522628291.0,671885957.0,2.05e-08,0.0
0.0131923225,0.0131936693,530502451.2,1773560627.2,0.899,0.0136387163,4.90818e-05,366593217.0,627108363.0,718402149.0,1.96e-08,0.0
0.0137200154,0.013721377,532980531.2,1771882086.4,0.898,0.0141602169,5.10314e-05,352476948.0,526077355.0,626881199.0,2.03e-08,0.0
0.0133430919,0.0133444091,531937689.6,1767685734.4,0.9,0.0136280508,4.93993e-05,373086598.0,519743587.0,689725071.0,1.91e-08,0.0
0.0137200154,0.0136492084,530347212.8,1775239168.0,0.893,0.0133516025,4.79455e-05,361910588.0,589612543.0,702671105.0,2.02e-08,0.0
0.0136446307,0.0135017807,530342707.2,1784471142.4,0.893,0.0135191435,4.81732e-05,376629561.0,595041466.0,682742861.0,2e-08,0.0
0.0134938613,0.0134952303,541633740.8,1771042816.0,0.9,0.0140015901,4.86294e-05,329940354.0,532257213.0,626387302.0,2.01e-08,0.0
0.0134184766,0.0132920051,544251494.4,1767685734.4,0.899,0.0136092957,4.79058e-05,329994171.0,508510450.0,593651651.0,1.92e-08,0.0
0.0134184766,0.0135672292,541872128.0,1773560627.2,0.895,0.0137196644,4.7848e-05,366773000.0,595481791.0,690482577.0,2.06e-08,0.0
0.0137954001,0.0138622696,536480972.8,1766007193.6,0.899,0.0138835732,4.74294e-05,327106380.0,502812356.0,580231058.0,1.98e-08,0.0
0.0138707848,0.013872132,536887296.0,1775239168.0,0.898,0.0142592232,5.09945e-05,360151720.0,512217616.0,623557766.0,2.1e-08,0.0
0.0136446307,0.0136459775,536905318.4,1770203545.6,0.899,0.0138568873,5.0259e-05,326667028.0,584165446.0,689492511.0,2e-08,0.0
0.0133430919,0.0133444387,536788992.0,1764328652.8,0.899,0.0137697991,4.84913e-05,325678077.0,471854722.0,654127420.0,1.99e-08,0.0
0.0134938613,0.0134952081,535792025.6,1766846464.0,0.901,0.013624858,4.782e-05,329160702.0,512279395.0,708279683.0,1.93e-08,0.0
0.0137200154,0.0136165314,536425676.8,1780274790.4,0.9,0.0134513492,4.98304e-05,404417374.0,636303844.0,755448390.0,2.01e-08,0.0
0.0134184766,0.0134197864,536125030.4,1762650112.0,0.9,0.0139856262,4.95398e-05,304631652.0,498484923.0,600637465.0,2e-08,0.0
0.0133430919,0.0134099656,536028774.4,1766007193.6,0.899,0.01410204,4.88111e-05,366962702.0,568128329.0,656007903.0,1.98e-08,0.0
0.0134184766,0.0134198308,526943436.8,1765167923.2,0.899,0.0139815896,4.85851e-05,308274135.0,510380339.0,611786766.0,1.94e-08,0.0
0.0139461695,0.0138950521,532793753.6,1768525004.8,0.899,0.0139194562,4.81153e-05,352956869.0,519390108.0,686776080.0,2.03e-08,0.0
0.0129661684,0.0128626332,533529804.8,1774399897.6,0.896,0.0135849868,4.44834e-05,383650326.0,625790981.0,717940863.0,2.01e-08,0.0
0.0136446307,0.013570578,535915724.8,1764328652.8,0.899,0.0139090201,4.81947e-05,310210847.0,513978042.0,624150426.0,2e-08,0.0
0.0134184766,0.0134197716,536673894.4,1784471142.4,0.898,0.0134939313,5.09129e-05,352090160.0,596955345.0,735428361.0,1.99e-08,0.0
0.0139461695,0.0139475015,532888371.2,1765167923.2,0.899,0.0139600507,5.03348e-05,339709847.0,548376128.0,650472668.0,2e-08,0.0
0.0131169378,0.0131706368,532866662.4,1778596249.6,0.9,0.0135398308,4.7995e-05,413169325.0,584326925.0,732829508.0,1.99e-08,0.0
0.013569246,0.0135705558,536691916.8,1773560627.2,0.898,0.013885032,4.76357e-05,337509535.0,517470690.0,620873127.0,1.98e-08,0.0
0.0137200154,0.0137213474,535405772.8,1766007193.6,0.898,0.0138209234,4.95434e-05,316740573.0,468105586.0,568619600.0,2.01e-08,0.0
0.0137954001,0.0137312573,533413478.4,1774399897.6,0.898,0.0140646601,4.92677e-05,373784106.0,630809399.0,706074710.0,2.01e-08,0.0
0.0136446307,0.0137213474,532765491.2,1769364275.2,0.899,0.0139096343,4.88663e-05,322352841.0,525006967.0,685112281.0,1.98e-08,0.0
0.0140969389,0.0140982561,531532595.2,1771042816.0,0.896,0.0137914398,4.77285e-05,340135424.0,568775941.0,710961411.0,1.99e-08,0.0
0.0131169378,0.0131772283,528764108.8,1776078438.4,0.899,0.0141679981,4.96316e-05,368374608.0,603601171.0,708290743.0,1.92e-08,0.0
0.0139461695,0.0138721316,533126758.4,1768525004.8,0.899,0.0140872355,4.80145e-05,309371809.0,501599928.0,724856187.0,2.07e-08,0.0
0.0136446307,0.0138393373,535581900.8,1768525004.8,0.899,0.014004988,4.497e-05,320161017.0,559056298.0,668687191.0,2.07e-08,0.0
0.0130415531,0.0130428259,536041472.0,1776078438.4,0.861,0.0134944008,4.86616e-05,322545256.0,558176685.0,679858337.0,1.92e-08,0.0
0.0137200154,0.0136492676,536587468.8,1768525004.8,0.899,0.013811945,4.93366e-05,338939042.0,565724135.0,695266154.0,1.96e-08,0.0
0.0136446307,0.013652569,538494156.8,1771882086.4,0.897,0.0139109771,4.77647e-05,337402629.0,607851895.0,681469969.0,1.95e-08,0.0
0.0137200154,0.0136558247,537689702.4,1774399897.6,0.892,0.0134009515,4.5537e-05,458221964.0,674718683.0,749521623.0,2.08e-08,0.0
0.0136446307,0.013593551,540296806.4,1765167923.2,0.899,0.0138301641,4.55108e-05,323238118.0,533106401.0,708934634.0,1.95e-08,0.0
0.0137200154,0.0135739199,541032038.4,1781114060.8,0.89,0.0136658546,4.74135e-05,362797720.0,618137351.0,750756344.0,2.01e-08,0.0
0.0131923225,0.0131936545,537701990.4,1766846464.0,0.899,0.013806532,4.81115e-05,324544838.0,500735264.0,634462059.0,1.97e-08,0.0
0.0134938613,0.0134951859,539001241.6,1766846464.0,0.899,0.0136284903,4.70032e-05,384449385.0,601480179.0,700049877.0,1.99e-08,0.0
0.0136446307,0.0137213178,535994777.6,1772721356.8,0.899,0.0136645531,4.90069e-05,379444295.0,560381719.0,664350633.0,1.96e-08,0.0
0.0139461695,0.013823024,541115596.8,1770203545.6,0.9,0.0137167707,4.89064e-05,314452026.0,526561396.0,658804808.0,1.97e-08,0.0
0.0137200154,0.0136689354,540856729.6,1772721356.8,0.9,0.0137154544,4.87596e-05,307648308.0,570761971.0,683797044.0,2.02e-08,0.0
0.0132677072,0.0133444017,535836262.4,1773560627.2,0.899,0.0133503612,4.52143e-05,382264424.0,580562825.0,674745645.0,2.01e-08,0.0
0.0137200154,0.0137213548,538480640.0,1771042816.0,0.9,0.0140006085,5.05831e-05,311237274.0,490808066.0,622197249.0,2.02e-08,0.0
0.0140969389,0.0140983153,537259622.4,1766007193.6,0.899,0.0143634453,4.96272e-05,307960931.0,513208993.0,623402625.0,2.06e-08,0.0
0.0136446307,0.0135935802,539468185.6,1769364275.2,0.9,0.0140757443,4.88468e-05,325308359.0,515139854.0,703051286.0,2e-08,0.0
0.0137200154,0.0137213252,541655859.2,1766007193.6,0.899,0.0138243385,4.50079e-05,329530367.0,491629725.0,580585492.0,1.97e-08,0.0
0.0138707848,0.0138720724,543248384.0,1775239168.0,0.889,0.0138600156,4.91326e-05,417837950.0,645866494.0,714512215.0,1.99e-08,0.0
0.0134938613,0.0134952007,541902028.8,1771882086.4,0.885,0.0133607995,4.8417e-05,353197638.0,588113029.0,704366533.0,2.03e-08,0.0
0.0131169378,0.0131936767,541757849.6,1773560627.2,0.9,0.0139432871,4.90869e-05,363342851.0,541317082.0,691145454.0,1.95e-08,0.0
0.013569246,0.0135705484,537670041.6,1766846464.0,0.898,0.0136578678,4.79152e-05,324080816.0,568628182.0,675141239.0,2.01e-08,0.0
0.0136446307,0.0136459923,542572953.6,1772721356.8,0.899,0.0141104788,4.81896e-05,341783040.0,540444020.0,596462545.0,2.03e-08,0.0
0.0140215542,0.0138983687,546535833.6,1777756979.2,0.894,0.0136701798,5.06575e-05,351120304.0,605410634.0,773531492.0,2.06e-08,0.0
0.0136446307,0.0135705558,552714649.6,1765167923.2,0.899,0.0138051165,4.60469e-05,321586724.0,528516806.0,643109341.0,1.97e-08,0.0
0.0131169378,0.013118218,550406553.6,1771042816.0,0.899,0.0133097075,4.52517e-05,320812282.0,540480467.0,683294113.0,1.94e-08,0.0
0.0137200154,0.0136493121,548344627.2,1768525004.8,0.901,0.0140380767,4.86349e-05,334664992.0,533910642.0,648179755.0,2.03e-08,0.0
0.0136446307,0.0136459923,548793139.2,1766007193.6,0.903,0.0138968813,4.89214e-05,332233909.0,552543240.0,656326578.0,2.01e-08,0.0
0.0137200154,0.0138458467,543310233.6,1772721356.8,0.896,0.0141608118,5.04248e-05,318680582.0,590104663.0,677108569.0,2.09e-08,0.0
0.0134938613,0.0135771397,542919884.8,1772721356.8,0.897,0.0137886249,4.84892e-05,353449076.0,562162298.0,652408580.0,1.98e-08,0.0
0.0137954001,0.0138032851,540674867.2,1772721356.8,0.902,0.0140066417,4.89245e-05,350676540.0,526868826.0,613090135.0,2.05e-08,0.0
0.0131169378,0.0132460296,542909644.8,1770203545.6,0.884,0.0135558116,4.87718e-05,295442214.0,592776384.0,680932389.0,1.94e-08,0.0
0.013569246,0.0135705262,542955110.4,1771882086.4,0.874,0.0136080845,5.05995e-05,324293191.0,535794533.0,655465126.0,1.97e-08,0.0
0.0138707848,0.0138066089,538654310.4,1771042816.0,0.89,0.0137839921,5.02533e-05,363353658.0,591379511.0,672067442.0,2.02e-08,0.0
0.0129661684,0.0130264802,535860838.4,1776078438.4,0.877,0.0132036175,4.85916e-05,382638347.0,594621094.0,708343296.0,1.92e-08,0.0
0.0140215542,0.0138263499,539177369.6,1766007193.6,0.9,0.0140705958,4.89864e-05,343221969.0,524577361.0,648067715.0,2e-08,0.0
0.0138707848,0.0138196979,537942016.0,1761810841.6,0.9,0.0140486285,4.95321e-05,348039902.0,599074929.0,695835940.0,2.06e-08,0.0
0.0130415531,0.0131084121,538317209.6,1775239168.0,0.898,0.0135828177,4.96458e-05,341147641.0,572804520.0,725611239.0,2.01e-08,0.0
0.013569246,0.0135705632,542052352.0,1775239168.0,0.885,0.0138199998,4.95084e-05,336740664.0,581643931.0,698086433.0,1.96e-08,0.0
0.0134184766,0.0134197938,547961651.2,1770203545.6,0.89,0.0136173935,4.82696e-05,337338650.0,538564841.0,665138416.0,1.93e-08,0.0
0.0132677072,0.0133280118,543531827.2,1776917708.8,0.899,0.0136854549,5.25275e-05,459454210.0,640475188.0,702575243.0,2.05e-08,0.0
0.0137200154,0.0136459849,544397312.0,1770203545.6,0.884,0.013886093,5.05287e-05,323306475.0,553411943.0,635494573.0,1.97e-08,0.0
0.013569246,0.0135574407,544601702.4,1774399897.6,0.9,0.0139233039,4.77344e-05,371427959.0,589636120.0,745491163.0,2.02e-08,0.0
0.0133430919,0.0133543043,545753907.2,1766007193.6,0.899,0.0138049517,4.85302e-05,316606480.0,490011399.0,652891103.0,1.98e-08,0.0
0.0134938613,0.0134952081,544536576.0,1765167923.2,0.899,0.013790405,4.74714e-05,325091927.0,494606940.0,598504286.0,1.96e-08,0.0
0.0137954001,0.0137443054,547554508.8,1772721356.8,0.898,0.0140341192,5.21922e-05,363599925.0,574731527.0,625135256.0,2.13e-08,0.0
0.0133430919,0.0133378705,539992064.0,1772721356.8,0.888,0.0136286985,5.21268e-05,323126338.0,605745553.0,693266920.0,1.9e-08,0.0
0.0139461695,0.0138720946,544549683.2,1769364275.2,0.898,0.0140159696,4.65881e-05,309171498.0,621057327.0,691403148.0,2.06e-08,0.0
0.0139461695,0.0139540886,545039974.4,1774399897.6,0.9,0.0141613673,5.05385e-05,316649923.0,517792260.0,638858314.0,2.01e-08,0.0
0.0134184766,0.013301885,550945587.2,1773560627.2,0.896,0.0134993409,4.78734e-05,343582515.0,596184680.0,757968620.0,2.03e-08,0.0
0.0137200154,0.0137737662,553075507.2,1779435520.0,0.899,0.0140564058,4.92894e-05,348625486.0,554365887.0,712368013.0,2.01e-08,0.0
0.0137200154,0.0135738895,554696294.4,1773560627.2,0.9,0.0137989166,4.61796e-05,335898426.0,533987127.0,645619781.0,2.03e-08,0.0
0.0136446307,0.0136459479,556373606.4,1766007193.6,0.899,0.0139563459,4.92958e-05,344562181.0,492659293.0,576544991.0,1.99e-08,0.0
0.0131923225,0.0137440876,554940416.0,1776917708.8,0.891,0.0141342318,5.31304e-05,331095737.0,606796111.0,776963546.0,1.95e-08,0.0
0.0134184766,0.0134197568,550996377.6,1767685734.4,0.888,0.0136927849,4.86611e-05,310368214.0,565973403.0,764189311.0,1.96e-08,0.0
0.0137200154,0.0137213104,548610457.6,1760971571.2,0.891,0.0139949287,4.88863e-05,402725188.0,589006173.0,687620417.0,1.94e-08,0.0
0.0133430919,0.0133444313,552307916.8,1775239168.0,0.89,0.0137090073,4.95755e-05,374080009.0,579444385.0,701192394.0,1.97e-08,0.0
0.0137200154,0.0137213548,551725875.2,1766007193.6,0.9,0.013984793,4.85685e-05,324043121.0,509069667.0,642115819.0,2.05e-08,0.0
0.0137200154,0.01372134,553638707.2,1771042816.0,0.901,0.014044753,5.22565e-05,349824329.0,584753542.0,661581166.0,2.06e-08,0.0
0.0131923225,0.0135213089,549675008.0,1785310412.8,0.891,0.0137799874,5.45316e-05,384726582.0,608739097.0,721062651.0,1.97e-08,0.0
0.0140969389,0.0140983005,545968537.6,1776078438.4,0.9,0.0144611668,5.37034e-05,342180631.0,574868051.0,699459618.0,2.03e-08,0.0
0.0132677072,0.0131117376,549651660.8,1779435520.0,0.869,0.0132667156,5.06287e-05,424583473.0,616412186.0,702872135.0,1.95e-08,0.0
0.0137954001,0.0137803207,550754304.0,1774399897.6,0.897,0.013999522,5.3307e-05,305625538.0,525139804.0,660374297.0,1.97e-08,0.0
0.013569246,0.0135705928,549856870.4,1773560627.2,0.898,0.0141224092,5.13326e-05,345316036.0,538905711.0,636783382.0,2.01e-08,0.0
0.0142477083,0.0141900889,553402777.6,1779435520.0,0.898,0.0143230727,5.12414e-05,367869793.0,543673889.0,681037784.0,2.04e-08,0.0
0.0131923225,0.0131412796,551598489.6,1766007193.6,0.889,0.0136011316,4.80872e-05,336338158.0,508162125.0,665783406.0,1.94e-08,0.0
0.013569246,0.013570578,553412608.0,1766007193.6,0.899,0.0138440637,4.81495e-05,313872803.0,517520193.0,687243788.0,2.01e-08,0.0
0.0133430919,0.0133444239,548301209.6,1772721356.8,0.896,0.0135394105,4.69568e-05,366439795.0,588539758.0,883183129.0,1.93e-08,0.0
0.0137954001,0.0137967543,549697536.0,1773560627.2,0.899,0.0140824658,4.94799e-05,359343497.0,606481231.0,706150296.0,2.07e-08,0.0
0.0133430919,0.0134788405,555330355.2,1778596249.6,0.884,0.0139464218,4.94255e-05,413807441.0,634539537.0,694199108.0,1.97e-08,0.0
0.0133430919,0.0133444313,554111385.6,1766007193.6,0.898,0.0136272502,5.08989e-05,347988632.0,617185077.0,688612568.0,2.04e-08,0.0
0.0145492471,0.0145505939,562232115.2,1772721356.8,0.897,0.0146571681,5.177e-05,368169898.0,589894946.0,653834787.0,2.03e-08,0.0
0.0133430919,0.0133444313,556072960.0,1762650112.0,0.899,0.0138238841,4.81928e-05,324667753.0,500515803.0,630392738.0,2e-08,0.0
